{"cameraMode":{"drawMode":0,"name":"Shaded","section":"Shading Mode"},"sceneLighting":false,"audioPlay":false,"sceneViewState":{"showFog":true,"showMaterialUpdate":false,"showSkybox":true,"showFlares":true,"showImageEffects":true,"showParticleSystems":true},"in2DMode":false,"pivot":{"x":-1.2017991542816163,"y":1.2288215160369874,"z":1.1341819763183594},"rotation":{"x":-0.15387044847011567,"y":-0.1499631106853485,"z":0.023632721975445749,"w":-0.9763635993003845},"size":11.500301361083985,"orthographic":false}